ID,priloznost
21294,rojstni dan otroka
21295,božič
21295, velika noč
21295, miklavževo
21296,božič
21296, velika noč
21296, novo leto
21296, miklavževo
21297,martinovo
21297, božič
21297, velika noč
21297, novo leto
21297, miklavževo
21298,martinovo
21298, božič
21298, velika noč
21298, novo leto
21298, piknik
21299,martinovo
21299, piknik
21300,piknik
21301,božič
21301, velika noč
21301, novo leto
21302,martinovo
21302, božič
21302, velika noč
21302, novo leto
21302, miklavževo
21303,božič
21303, velika noč
21303, novo leto
21304,velika noč
21305,velika noč
21306,velika noč
21308,božič
21308, velika noč
21308, novo leto
21308, miklavževo
21309,piknik
21312,božič
21312, velika noč
21312, novo leto
21312, piknik
21312, rojstni dan otroka
21313,božič
21313, rojstni dan otroka
21314,piknik
21316,valentinovo
21316, novo leto
21317,martinovo
21317, božič
21317, pust
21317, valentinovo
21317, velika noč
21317, novo leto
21317, piknik
21317, rojstni dan otroka
21317, miklavževo
21319,božič
21319, valentinovo
21319, novo leto
21319, rojstni dan otroka
21320,martinovo
21320, božič
21320, novo leto
21320, rojstni dan otroka
21322,valentinovo
21326,valentinovo
21326, rojstni dan otroka
21329,martinovo
21329, božič
21329, pust
21329, valentinovo
21329, velika noč
21329, novo leto
21329, piknik
21329, rojstni dan otroka
21329, miklavževo
21330,martinovo
21330, božič
21330, valentinovo
21330, novo leto
21330, piknik
21330, rojstni dan otroka
21330, miklavževo
21331,piknik
21332,piknik
21333,piknik
21334,piknik
21335,piknik
21336,piknik
21337,piknik
21338,piknik
21339,piknik
21340,piknik
21345,piknik
21348,rojstni dan otroka
21349,martinovo
21349, božič
21349, pust
21349, valentinovo
21349, novo leto
21349, piknik
21349, rojstni dan otroka
21349, miklavževo
21352,martinovo
21354,božič
21354, novo leto
21355,piknik
21355, rojstni dan otroka
21357,pust
21357, novo leto
21359,rojstni dan otroka
21361,piknik
21361, rojstni dan otroka
21365,rojstni dan otroka
21365, piknik
21372,piknik
21374,martinovo
21374, božič
21374, pust
21374, valentinovo
21374, velika noč
21374, novo leto
21374, piknik
21374, rojstni dan otroka
21374, miklavževo
21375,rojstni dan otroka
21375, martinovo
21378,martinovo
21378, božič
21378, pust
21378, valentinovo
21378, velika noč
21378, novo leto
21378, piknik
21378, rojstni dan otroka
21378, miklavževo
21379,piknik
21381,piknik
21388,piknik
21388, novo leto
21388, miklavževo
21388, martinovo
21388, božič
21393,rojstni dan otroka
21393, piknik
21396,valentinovo
21399,piknik
