ID,vrsta
21292,solate
21294,sladice
21295,sladice
21296,sladice
21297,sladice
21298,sladice
21301,sladice
21307,glavne jedi
21308,sladice
21309,sladice
21310,sladice
21311,sladice
21313,sladice
21315,juhe
21316,glavne jedi
21316, omake
21317,sladice
21318,glavne jedi
21319,sladice
21320,glavne jedi
21320, priloge
21321,hladne predjedi
21321, glavne jedi
21321, tople predjedi
21321, juhe
21321, solate
21322,sladice
21323,tople predjedi
21324,sladice
21324, priloge
21325,juhe
21326,sladice
21327,sladice
21328,glavne jedi
21328, omake
21329,sladice
21330,sladice
21332,priloge
21340,solate
21346,glavne jedi
21348,sladice
21349,sladice
21350,glavne jedi
21350, tople predjedi
21350, priloge
21351,glavne jedi
21353,glavne jedi
21354,hladne predjedi
21356,glavne jedi
21358,glavne jedi
21359,napitki
21360,napitki
21361,napitki
21362,sladice
21363,solate
21363, glavne jedi
21364,glavne jedi
21365,sladice
21370,namazi
21371,tople predjedi
21371, glavne jedi
21372,sladice
21373,sladice
21374,sladice
21375,sladice
21376,sladice
21377,glavne jedi
21378,sladice
21379,glavne jedi
21380,sladice
21381,tople predjedi
21382,sladice
21383,sladice
21384,sladice
21385,sladice
21386,sladice
21387,sladice
21388,sladice
21389,sladice
21391,enolonƒçnice
21391, tople predjedi
21391, juhe
21391, glavne jedi
21392,sladice
21393,sladice
21395,namazi
21395, sladice
21396,sladice
21397,sladice
21398,sladice
